{
    "epoch": 2.0,
    "total_flos": 1.5650156444757312e+16,
    "train_loss": 0.16563826671210669,
    "train_runtime": 3757.3365,
    "train_samples_per_second": 71.285,
    "train_steps_per_second": 4.455
}